member_id,name,governorate,bloc,committee,gender,role,status,served_months,voting_number,photo,facebook,x,instagram,telegram,website,search_name
1,ابتسام هاشم عبد حسين الكحبة,كربلاء,ائتلاف دولة القانون,غير محدد,,member,active,48,1,,https://facebook.com/example,https://x.com/example,https://instagram.com/example,newss_iq,https://example.com,
2,ابراهيم نامس ياسين موسى,صلاح الدين,تحالف التفوق,غير محدد,,member,active,48,2,,,,,,,
3,احسان ثعبان عبدعلي كاظم الشبلاوي,النجف,ائتلاف الاعمار والتنمية,غير محدد,,member,active,48,3,,,,,,,
4,احلام رمضان فتاح اسماعيل,نينوى,اتحاد اهل نينوى,غير محدد,,member,active,48,4,,,,,,,
5,احمد حامد خلف غضا الجابري,بغداد,ائتلاف الاعمار والتنمية,غير محدد,,member,active,48,5,,,,,,,
6,احمد حمه رشيد احمد محمد,السليمانية,جماعة العدل الكوردستانية / العراق,غير محدد,,member,active,48,6,,,,,,,
7,احمد داغر جاسم كاظم الشبيبي,البصرة,ائتلاف الاعمار والتنمية,غير محدد,,member,active,48,7,,,,,,,
8,احمد رحيم ازرك لفتة الرديني,ديالى,حركة الصادقون,غير محدد,,member,active,48,8,,,,,,,
9,احمد رشيد خلف تركي السلماني,الأنبار,الانبار هويتنا,غير محدد,,member,active,48,9,,,,,,,
10,احمد سالم عزيز حمد الساعدي,بغداد,تحالف قوى الدولة الوطنية,غير محدد,,member,active,48,10,,,,,,,
11,احمد سليم عبدالرحمن علي الاحمدي,بغداد,ائتلاف دولة القانون,غير محدد,,member,active,48,11,,,,,,,
12,احمد شهيد مرهون عباس الكرعاوي,بغداد,ابشر يا عراق,غير محدد,,member,active,48,12,,,,,,,
13,احمد عبد حمادي شاووش المساري,بغداد,حزب تقدم,غير محدد,,member,active,48,13,,,,,,,
14,احمد علي عبود واجد الاسدي,كربلاء,حركة الصادقون,غير محدد,,member,active,48,14,,,,,,,
15,احمد كامل منكاش زعزاع الفرحاني,القادسية,ائتلاف الاعمار والتنمية,غير محدد,,member,active,48,15,,,,,,,
16,احمد كاين عبدنور محي الخزاعي,النجف,حركة الصادقون,غير محدد,,member,active,48,16,,,,,,,
17,احمد كريم حسين كاظم الدلفي,واسط,ائتلاف الاعمار والتنمية,غير محدد,,member,active,48,17,,,,,,,
18,احمد مجيد متعب ديوان الشرماني,النجف,اشراقة كانون,غير محدد,,member,active,48,18,,,,,,,
19,احمد محمد حسين قاسم حسن,بغداد,ائتلاف دولة القانون,غير محدد,,member,active,48,19,,,,,,,
20,احمد مدلول محمد مطلك الجربا,نينوى,تحالف سيادة الوطني – تشريع,غير محدد,,member,active,48,20,,,,,,,
21,احمد مظهر ابراهيم محمد الجبوري,ديالى,حزب تقدم,غير محدد,,member,active,48,21,,,,,,,
22,احمد ناظم فارس محسن الرميض,ذي قار,حركة الصادقون,غير محدد,,member,active,48,22,,,,,,,
23,احمد نصرالله عبدالكريم مخلف الفهدواي,الأنبار,تحالف عزم العراق /عزم,غير محدد,,member,active,48,23,,,,,,,
24,اخلاص صباح خضر حسين الدليمي,نينوى,پارتی ديموكراتی كوردستان,غير محدد,,member,active,48,24,,,,,,,
25,ارشد رشاد فتح الله عبدالرزاق الصالحي,كركوك,جبهة تركمان العراق الموحد,غير محدد,,member,active,48,25,,,,,,,
26,ازهار حميد علي حسين السدران,الأنبار,تحالف قمم,غير محدد,,member,active,48,26,,,,,,,
27,اسماء اسامه عبدالرحمن عبيد العاني,الأنبار,الانبار هويتنا,غير محدد,,member,active,48,27,,,,,,,
28,اسماء حميد كمبش سلطان القيسي,ديالى,حزب تقدم,غير محدد,,member,active,48,28,,,,,,,
29,اسوان سالم صادق ساوا,نينوى,مستقل,غير محدد,,member,active,48,29,,,,,,,
30,اشواق سالم حسن حسين الجبوري,صلاح الدين,ائتلاف الاعمار والتنمية,غير محدد,,member,active,48,30,,,,,,,
31,اشواق نجم الدين عباس محمد الجاف,السليمانية,پارتی ديموكراتی كوردستان,غير محدد,,member,active,48,31,,,,,,,
32,اكرم صالح غفور صالح باشکی,السليمانية,یەکێتی نیشتمانیی کوردستان,غير محدد,,member,active,48,32,,,,,,,
33,ألق جليل محمد صالح البو شور,كربلاء,اشراقة كانون,غير محدد,,member,active,48,33,,,,,,,
34,اميد طاهر محمد خالد برواري,دهوك,پارتی ديموكراتی كوردستان,غير محدد,,member,active,48,34,,,,,,,
35,امير زيد عمر خضر اغا,اربيل,یەکێتی نیشتمانیی کوردستان,غير محدد,,member,active,48,35,,,,,,,
36,انعام علاءالدين حمودي محمود العبيدي,بابل,ائتلاف دولة القانون,غير محدد,,member,active,48,36,,,,,,,
37,ايات ادهم حسين محمود السور ميري,بغداد,ائتلاف الاعمار والتنمية,غير محدد,,member,active,48,37,,,,,,,
38,اياد عبدالجبار كريم مصلح,بغداد,تحالف عزم العراق /عزم,غير محدد,,member,active,48,38,,,,,,,
39,ايفان فائق يعقوب زيا جابرو,بغداد,مستقل,غير محدد,,member,active,48,39,,,,,,,
40,ايمن صلاح حمود محمد الجغيفي,الأنبار,تحالف قمم,غير محدد,,member,active,48,40,,,,,,,
41,باسم خضير كاظم زيارة الغرابي,القادسية,اشراقة كانون,غير محدد,,member,active,48,41,,,,,,,
42,باقر يوسف خلف علي الياسري,ذي قار,ائتلاف الاعمار والتنمية,غير محدد,,member,active,48,42,,,,,,,
43,بايز اسماعيل اسعد حسین زراری,اربيل,پارتی ديموكراتی كوردستان,غير محدد,,member,active,48,43,,,,,,,
44,بدر محمود فحل خليل الجبوري,صلاح الدين,الجماهير الوطنية,غير محدد,,member,active,48,44,,,,,,,
45,براكو شيركو فاتح ناميق,كركوك,یەکێتی نیشتمانیی کوردستان,غير محدد,,member,active,48,45,,,,,,,
46,برهان كاظم عبدالله حسون المعموري,ديالى,ثابتون,غير محدد,,member,active,48,46,,,,,,,
47,بروين اكرم محمدعلي سليمان,دهوك,پارتی ديموكراتی كوردستان,غير محدد,,member,active,48,47,,,,,,,
48,بريار رشيد شريف محمد,السليمانية,یەکێتی نیشتمانیی کوردستان,غير محدد,,member,active,48,48,,,,,,,
49,بسام جاسب محي غويض الزهيري,بغداد,مستقل,غير محدد,,member,active,48,49,,,,,,,بسام الغراوي
50,بسمان سمو نافخوش رشو ال علي,نينوى,اتحاد اهل نينوى,غير محدد,,member,active,48,50,,,,,,,
51,بناس علي فريق طاهر دوسكي,دهوك,پارتی ديموكراتی كوردستان,غير محدد,,member,active,48,51,,,,,,,
52,به رزى أزمر صالح حميد,السليمانية,تيار الموقف الوطني / ره و تى هه ڵوێستی نيشتمانی / هه ڵوێستی,غير محدد,,member,active,48,52,,,,,,,
53,بهاء حسين علي كمال الاعرجي,بغداد,ائتلاف الاعمار والتنمية,غير محدد,,member,active,48,53,,,,,,,
54,بهاءالدين نور محمد حسين النوري,ميسان,ائتلاف الاعمار والتنمية,غير محدد,,member,active,48,54,,,,,,,
55,بولا معروف علي مجید,السليمانية,یەکێتی نیشتمانیی کوردستان,غير محدد,,member,active,48,55,,,,,,,
56,تقي ناصر ماجد تقي الفرج الله,بغداد,اشراقة كانون,غير محدد,,member,active,48,56,,,,,,,
57,ثابت محمدسعيد رضا بشار العباسي,نينوى,الحسم الوطني,غير محدد,,member,active,48,57,,,,,,,
58,ثائر جاسم راضي حسين,بغداد,ائتلاف دولة القانون,غير محدد,,member,active,48,58,,,,,,,
59,جاسم عطوان جري جاسم الموسوي,ميسان,ائتلاف دولة القانون,غير محدد,,member,active,48,59,,,,,,,
60,جاسم محمد حسن عطية الجبوري,صلاح الدين,حزب تقدم,غير محدد,,member,active,48,60,,,,,,,
61,جعفر شعيل عودة ثجيل الزاملي,القادسية,منظمة بدر,غير محدد,,member,active,48,61,,,,,,,
62,جمال احمد محمد سيدو ارتوشي,دهوك,الاتحاد الاسلامي الكوردستاني,غير محدد,,member,active,48,62,,,,,,,
63,جميل عبد محمود سباك مطاوي,نينوى,حزب تقدم,غير محدد,,member,active,48,63,,,,,,,
64,جنار حجي رسول محمد,اربيل,یەکێتی نیشتمانیی کوردستان,غير محدد,,member,active,48,64,,,,,,,
65,جهاد صدام مفتن محيسن العبادي,البصرة,تحالف تصميم,غير محدد,,member,active,48,65,,,,,,,
66,جواد رحيم قاسم مغتاض الغديري,ميسان,تحالف قوى الدولة الوطنية,غير محدد,,member,active,48,66,,,,,,,
67,جوتيار خدر طاهر أحمد,دهوك,پارتی ديموكراتی كوردستان,غير محدد,,member,active,48,67,,,,,,,
68,جيمن بابكر محمد زبیر,اربيل,پارتی ديموكراتی كوردستان,غير محدد,,member,active,48,68,,,,,,,
69,جيمن حسين عزيز رسول,اربيل,پارتی ديموكراتی كوردستان,غير محدد,,member,active,48,69,,,,,,,
70,حامد عباس ياسين هاشم الموسوي,كربلاء,منظمة بدر,غير محدد,,member,active,48,70,,,,,,,
71,حامد محمد كاظم كزار فتلاوي,القادسية,ائتلاف دولة القانون,غير محدد,,member,active,48,71,,,,,,,
72,حبيب هاشم عبدعلي حسين الدليمي,بابل,حركة الصادقون,غير محدد,,member,active,48,72,,,,,,,
73,حسن خلف علو حميد الجبوري,نينوى,المشروع العربي في العراق,غير محدد,,member,active,48,73,,,,,,,
74,حسن شاكر عوده حسين الكعبي,بابل,منظمة بدر,غير محدد,,member,active,48,74,,,,,,,
75,حسن محمد كاظم علوان المسعودي,كربلاء,تحالف قوى الدولة الوطنية,غير محدد,,member,active,48,75,,,,,,,
76,حسن وريوش محمد جويسم الاسدي,ذي قار,ائتلاف دولة القانون,غير محدد,,member,active,48,76,,,,,,,
77,حسنين قاسم محمد خلف الخفاجي,بغداد,ائتلاف الاعمار والتنمية,غير محدد,,member,active,48,77,,,,,,,
78,حسين صاحب مهدي محل بياتي,بابل,اشراقة كانون,غير محدد,,member,active,48,78,,,,,,,
79,حسين علي جبار خلف العبدالله,البصرة,حركة حقوق,غير محدد,,member,active,48,79,,,,,,,
80,حسين علي كريم شاكر عنكوشي,القادسية,ائتلاف الاعمار والتنمية,غير محدد,,member,active,48,80,,,,,,,
81,حسين علي محمد عباس اليساري,كربلاء,ائتلاف الاعمار والتنمية,غير محدد,,member,active,48,81,,,,,,,
82,حسين مونس فرج عبدالرضا ثجيل,بغداد,حركة حقوق,غير محدد,,member,active,48,82,,,,,,,
83,حسين نعمة دخيل كاظم البطاط,ذي قار,ائتلاف دولة القانون,غير محدد,,member,active,48,83,,,,,,,
84,حنان سعيد محسن علوان الفتلاوي,بابل,ائتلاف الاعمار والتنمية,غير محدد,,member,active,48,84,,,,,,,
85,حوراء عزيز حميد حسن العلي,البصرة,ائتلاف الاعمار والتنمية,غير محدد,,member,active,48,85,,,,,,,
86,حيدر حامد صبار ناصر المحياوي,بغداد,ائتلاف الاعمار والتنمية,غير محدد,,member,active,48,86,,,,,,,
87,حيدر عبد الكاظم نعيمه سباهي,بغداد,ائتلاف الاعمار والتنمية,غير محدد,,member,active,48,87,,,,,,,
88,حيدر عبد صالح جبر الاسدي,كربلاء,ائتلاف الأساس العراقي,غير محدد,,member,active,48,88,,,,,,,
89,حيدر علي محمد علي الهموندي,واسط,مستقل,غير محدد,,member,active,48,89,,,,,,,
90,حيدر محمدكاظم خضير عباس المطيري,بابل,اشراقة كانون,غير محدد,,member,active,48,90,,,,,,,
91,خالد سيدو عزير خلف الخالدي,نينوى,مستقل,غير محدد,,member,active,48,91,,,,,,,
92,خالد متعب ياسين حسن العبيدي,نينوى,حزب تقدم,غير محدد,,member,active,48,92,,,,,,,
93,خديجه وادي ميزر عبدالنبي الجابري,المثنى,ائتلاف الاعمار والتنمية,غير محدد,,member,active,48,93,,,,,,,
94,دانه ر عبدالغفار عزيز مام فقی,اربيل,پارتی ديموكراتی كوردستان,غير محدد,,member,active,48,94,,,,,,,
95,ديار صالح حميد صالح المفتي,غير محدد,غير محدد,غير محدد,,member,active,48,95,,,,,,,
96,ديلان غفور صالح سمين,كركوك,یەکێتی نیشتمانیی کوردستان,غير محدد,,member,active,48,96,,,,,,,
97,ذكرى عمار احمد مجلي رديني,بغداد,ائتلاف دولة القانون,غير محدد,,member,active,48,97,,,,,,,
98,راكان صباح غازي حسن الطائي,نينوى,نينوى لاهلها,غير محدد,,member,active,48,98,,,,,,,
99,راميار حيدر سعيد رشید,السليمانية,یەکێتی نیشتمانیی کوردستان,غير محدد,,member,active,48,99,,,,,,,
100,ربيع عبدالجليل حسن باقر الموسوي,كربلاء,ائتلاف الاعمار والتنمية,غير محدد,,member,active,48,100,,,,,,,
101,رجاء فاضل عزيز حسوني الحمدي,البصرة,حركة الصادقون,غير محدد,,member,active,48,101,,,,,,,
102,رحيمه حسن احمد فرحان الجبوري,نينوى,ائتلاف الاعمار والتنمية,غير محدد,,member,active,48,102,,,,,,,
103,رزاق محيبس عجيمي تويلي الرماحي,ذي قار,منظمة بدر,غير محدد,,member,active,48,103,,,,,,,
104,رشا عبد حسين جبار الساعدي,ميسان,ائتلاف الاعمار والتنمية,غير محدد,,member,active,48,104,,,,,,,
105,رعد اشخير فالح حسن الزيدي,بغداد,حركة الصادقون,غير محدد,,member,active,48,105,,,,,,,
106,رعد حميد كاظم عواد,ديالى,تحالف عزم العراق /عزم,غير محدد,,member,active,48,106,,,,,,,
107,رعد عباس مصلح جار الخليفاوي,بغداد,حزب تقدم,غير محدد,,member,active,48,107,,,,,,,
108,رفيق هاشم شناوة سالم الصالحي,البصرة,حركة الصادقون,غير محدد,,member,active,48,108,,,,,,,
109,رياض عباس عبدالله خلف التميمي,ديالى,حركة الصادقون,غير محدد,,member,active,48,109,,,,,,,
110,رياض عداي عبود تميم الخفاجي,بابل,تحالف قوى الدولة الوطنية,غير محدد,,member,active,48,110,,,,,,,
111,ريبوار كريم محمود حسين,السليمانية,تيار الموقف الوطني / ره و تى هه ڵوێستی نيشتمانی / هه ڵوێستی,غير محدد,,member,active,48,111,,,,,,,
112,ريبوار هادي عبدالرحمان برایم سارممی,اربيل,پارتی ديموكراتی كوردستان,غير محدد,,member,active,48,112,,,,,,,
113,ريكوت حمةرشيد كريم محمد,السليمانية,یەکێتی نیشتمانیی کوردستان,غير محدد,,member,active,48,113,,,,,,,
114,زليخه الياس قلي قدو ال بكار,نينوى,الحسم الوطني,غير محدد,,member,active,48,114,,,,,,,
115,زمن مالك عبدالله خنياب سلطان,النجف,حركة الصادقون,غير محدد,,member,active,48,115,,,,,,,
116,زهراء فاضل هادي جاسم الحجامي,القادسية,منظمة بدر,غير محدد,,member,active,48,116,,,,,,,
117,زهراء لقمان حنين صنكور الساعدي,ديالى,منظمة بدر,غير محدد,,member,active,48,117,,,,,,,
118,زياد طارق عبدالله حمد الجنابي,بغداد,تحالف سيادة الوطني – تشريع,غير محدد,,member,active,48,118,,,,,,,
119,زياد علي فاضل هواش الرزيج,البصرة,ائتلاف دولة القانون,غير محدد,,member,active,48,119,,,,,,,
120,زيد عبدالله كريم سويدان الجنابي,بغداد,حزب تقدم,غير محدد,,member,active,48,120,,,,,,,
121,زيدون عبدالمهدي عبدالحسين فليح النبهاني,النجف,تحالف قوى الدولة الوطنية,غير محدد,,member,active,48,121,,,,,,,
122,زيرك طيار اسماعيل فارس زيباري,دهوك,پارتی ديموكراتی كوردستان,غير محدد,,member,active,48,122,,,,,,,
123,زينب اسماعيل عطية حسن البو بدري,بابل,تحالف قوى الدولة الوطنية,غير محدد,,member,active,48,123,,,,,,,
124,زينب جمعة فاخر نعمة الموسوي,بغداد,حركة الصادقون,غير محدد,,member,active,48,124,,,,,,,
125,زينب خزعل مكي جري المصيلح,البصرة,تحالف تصميم,غير محدد,,member,active,48,125,,,,,,,
126,زينب رحيم طعيمه دايس المطر,المثنى,ائتلاف دولة القانون,غير محدد,,member,active,48,126,,,,,,,
127,زينب وحيد سلمان علي الخزرجي,ذي قار,ائتلاف الاعمار والتنمية,غير محدد,,member,active,48,127,,,,,,,
128,سارة اياد هاشم حسين علاوي,بغداد,ائتلاف الاعمار والتنمية,غير محدد,,member,active,48,128,,,,,,,
129,ساره زيد سرحان خريبط الصيهود,ميسان,حركة الصادقون,غير محدد,,member,active,48,129,,,,,,,
130,ساره لطيف عبدالله احمد,بغداد,حزب تقدم,غير محدد,,member,active,48,130,,,,,,,
131,سالم شامل طوكان شخير العبساوي,المثنى,حركة الصادقون,غير محدد,,member,active,48,131,,,,,,,
132,سالم مطر عبد حسن العيساوي,الأنبار,تحالف سيادة الوطني – تشريع,غير محدد,,member,active,48,132,,,,,,,
133,سامي اوشانه كوركيس انويه,دهوك,مستقل,غير محدد,,member,active,48,133,,,,,,,
134,سروه عبدالواحد قادر ابراهیم,السليمانية,نەوەى نوێ-الجيل الجديد,غير محدد,,member,active,48,134,,,,,,,
135,سروه محمد رشيد میران زنکنە,السليمانية,یەکێتی نیشتمانیی کوردستان,غير محدد,,member,active,48,135,,,,,,,
136,سعد شاكر عزيز كاظم خزاعلي,القادسية,حركة الصادقون,غير محدد,,member,active,48,136,,,,,,,
137,سعد نعيم رضوي جمعه العقابي,واسط,ائتلاف دولة القانون,غير محدد,,member,active,48,137,,,,,,,
138,سعود سعدون علي صالح الساعدي,بغداد,حركة حقوق,غير محدد,,member,active,48,138,,,,,,,
139,سفين ياسين محمدامين ملاشيخ خيلاني,اربيل,پارتی ديموكراتی كوردستان,غير محدد,,member,active,48,139,,,,,,,
140,سلوان طه طيب محمد طيب,دهوك,پارتی ديموكراتی كوردستان,غير محدد,,member,active,48,140,,,,,,,
141,سلوى احمد ميدان حسين المفرجي,كركوك,حزب تقدم,غير محدد,,member,active,48,141,,,,,,,
142,سمية غانم نايف مطرود الخابوري,نينوى,تحالف سيادة الوطني – تشريع,غير محدد,,member,active,48,142,,,,,,,
143,سمية فيصل عوده ظاهر الحلفي,البصرة,تحالف قوى الدولة الوطنية,غير محدد,,member,active,48,143,,,,,,,
144,سميعة محمد خليفة غلاب الغلاب,الأنبار,حزب تقدم,غير محدد,,member,active,48,144,,,,,,,
145,سنان عبدالامير حمد نصيف الجميلي,الأنبار,حزب تقدم,غير محدد,,member,active,48,145,,,,,,,
146,سهام منعم عبدالحسين حبيب المحنه,النجف,تحالف قوى الدولة الوطنية,غير محدد,,member,active,48,146,,,,,,,
147,سهام موسى حمود جبر الموسوي,القادسية,ائتلاف الاعمار والتنمية,غير محدد,,member,active,48,147,,,,,,,
148,سوزان عكلاوي صالح حمود السعد,البصرة,تحالف تصميم,غير محدد,,member,active,48,148,,,,,,,
149,سيبان عزيز حدو خدر شيروانى,اربيل,پارتی ديموكراتی كوردستان,غير محدد,,member,active,48,149,,,,,,,
150,سيروان محمد خدر يونس روزبياني,نينوى,پارتی ديموكراتی كوردستان,غير محدد,,member,active,48,150,,,,,,,
151,شاخه وان عبدالله احمد عبدالقادر دلوي,كركوك,پارتی ديموكراتی كوردستان,غير محدد,,member,active,48,151,,,,,,,
152,شاكر محمود لفته محمود الزعيتر,البصرة,منظمة بدر,غير محدد,,member,active,48,152,,,,,,,
153,شهد احمد خليل احمد الحمداني,نينوى,حزب تقدم,غير محدد,,member,active,48,153,,,,,,,
154,شيروان جمال خضر خالد الدوبرداني,نينوى,پارتی ديموكراتی كوردستان,غير محدد,,member,active,48,154,,,,,,,
155,شيماء عبدالستار نعمة جبار الفتلاوي,النجف,ائتلاف دولة القانون,غير محدد,,member,active,48,155,,,,,,,
156,صبا علي محمود جاسم السعدي,واسط,ائتلاف الاعمار والتنمية,غير محدد,,member,active,48,156,,,,,,,
157,صفاء كاظم حمد حسن,بغداد,منظمة بدر,غير محدد,,member,active,48,157,,,,,,,
158,صفاء لفته يونس صالح الجابري,بغداد,حركة الصادقون,غير محدد,,member,active,48,158,,,,,,,
159,صفوك علي سلمان حمزة العزير,نينوى,تحالف عزم العراق /عزم,غير محدد,,member,active,48,159,,,,,,,
160,صفيه جبار قاسم مخرب الجيزاني,بغداد,ائتلاف دولة القانون,غير محدد,,member,active,48,160,,,,,,,
161,صكر حسن لازم مطلك العمشاني,ميسان,حركة الصادقون,غير محدد,,member,active,48,161,,,,,,,
162,صلاح ياسين محمد حسون كراغول,بغداد,الحسم الوطني,غير محدد,,member,active,48,162,,,,,,,
163,صلال علي خلف حمد الناصر,نينوى,پارتی ديموكراتی كوردستان,غير محدد,,member,active,48,163,,,,,,,
164,ضحى رضا هاشم علوان القصير,القادسية,ائتلاف دولة القانون,غير محدد,,member,active,48,164,,,,,,,
165,ضحى لعيبي كاظم سدخان البهادلي,ميسان,ائتلاف دولة القانون,غير محدد,,member,active,48,165,,,,,,,
166,ضياء شغاتي كاظم جبر الزيدي,بغداد,ائتلاف الاعمار والتنمية,غير محدد,,member,active,48,166,,,,,,,
167,طالب حساب كشيش لفته البيضاني,واسط,حركة الصادقون,غير محدد,,member,active,48,167,,,,,,,
168,طه هاتف محي محمد الدفاعي,بغداد,ائتلاف الاعمار والتنمية,غير محدد,,member,active,48,168,,,,,,,
169,عادل حاشوش جابر جاسم الحاتمي,ذي قار,حركة الصادقون,غير محدد,,member,active,48,169,,,,,,,
170,عادل خميس عبداللطيف فاضل المحلاوي,الأنبار,الانبار هويتنا,غير محدد,,member,active,48,170,,,,,,,
171,عالية نصيف جاسم عزيز,بغداد,ائتلاف الاعمار والتنمية,غير محدد,,member,active,48,171,,,,,,,
172,عامر حسين جاسم علي الفائز,البصرة,تحالف تصميم,غير محدد,,member,active,48,172,,,,,,,
173,عامر رحيم جاسم محمد المحنه,النجف,تحالف خدمات,غير محدد,,member,active,48,173,,,,,,,
174,عامر عبدالجبار اسماعيل علي عرب,البصرة,تجمع الفاو زاخو,غير محدد,,member,active,48,174,,,,,,,
175,عباس جبر عبادة حسين العلياوي,النجف,ائتلاف دولة القانون,غير محدد,,member,active,48,175,,,,,,,
176,عباس حيال لكن حسين المالكي,البصرة,ائتلاف الاعمار والتنمية,غير محدد,,member,active,48,176,,,,,,,
177,عبدالامير نجم عبدالله مدلول المياحي,البصرة,ائتلاف الاعمار والتنمية,غير محدد,,member,active,48,177,,,,,,,
178,عبدالحمزة منعم علوان عبيد الخفاجي,بابل,حركة ادراك,غير محدد,,member,active,48,178,,,,,,,
179,عبدالرحمن حسن خالد عبدالله الخالد,نينوى,ائتلاف الاعمار والتنمية,غير محدد,,member,active,48,179,,,,,,,
180,عبدالرحيم جاسم محمد مطلك محمد المطلك,نينوى,ائتلاف الاعمار والتنمية,غير محدد,,member,active,48,180,,,,,,,
181,عبدالله حامد حسين شبيب الحميدي,ذي قار,منظمة بدر,غير محدد,,member,active,48,181,,,,,,,
182,عبدالمنعم فارس عبدالعزيز محمد علي السنجري,نينوى,ائتلاف الاعمار والتنمية,غير محدد,,member,active,48,182,,,,,,,
183,عبدالهادي علي محمد سلمان ال عباس,النجف,ائتلاف الاعمار والتنمية,غير محدد,,member,active,48,183,,,,,,,
184,عثمان هادي حياوي هادي الشباني,بغداد,ائتلاف دولة القانون,غير محدد,,member,active,48,184,,,,,,,
185,عدنان فيحان موسى شري الدليمي,بابل,حركة الصادقون,غير محدد,,first_deputy_speaker,active,48,185,,,,,,,
186,عدي عواد كاظم محمود الحسين,البصرة,حركة الصادقون,غير محدد,,member,active,48,186,,,,,,,
187,عدي موجد محسن رضا الزاملي,واسط,واسط الاجمل بالخدمات,غير محدد,,member,active,48,187,,,,,,,
188,عديله حمود حسين كعيد سليم,بغداد,ائتلاف دولة القانون,غير محدد,,member,active,48,188,,,,,,,
189,عزالدين اركان عبدالكريم دان دان,بغداد,حزب تقدم,غير محدد,,member,active,48,189,,,,,,,
190,عزيز شريف خضير رزام المياحي,القادسية,تحالف خدمات,غير محدد,,member,active,48,190,,,,,,,
191,عزيز ناصر عزال هريس الشمري,بغداد,ائتلاف الأساس العراقي,غير محدد,,member,active,48,191,,,,,,,
192,عقيل ابراهيم عيسى علي الخالدي,البصرة,تحالف تصميم,غير محدد,,member,active,48,192,,,,,,,
193,علا حسين حاتم يحيى التميمي,بغداد,تحالف قوى الدولة الوطنية,غير محدد,,member,active,48,193,,,,,,,
194,علا عوده لايذ شناوه الشناوه,ذي قار,تحالف خدمات,غير محدد,,member,active,48,194,,,,,,,
195,علاء سكر سرحان جار الله ادلفي,بغداد,ائتلاف الاعمار والتنمية,غير محدد,,member,active,48,195,,,,,,,
196,علاء صباح مرعي شهف الحيدري,البصرة,ائتلاف الأساس العراقي,غير محدد,,member,active,48,196,,,,,,,
197,علي انهير أبو ذينة محسن ال سراي,بغداد,ائتلاف الاعمار والتنمية,غير محدد,,member,active,48,197,,,,,,,
198,علي جاسم محمد برغوث برغوث,نينوى,تحالف عزم العراق /عزم,غير محدد,,member,active,48,198,,,,,,,
199,علي جاسم محمد خليفة الحميداوي,بغداد,تحالف قوى الدولة الوطنية,غير محدد,,member,active,48,199,,,,,,,
200,علي جبار حافظ جلس,بغداد,ائتلاف دولة القانون,غير محدد,,member,active,48,200,,,,,,,
201,علي حاتم جبر خلف المكصوصي,بغداد,تحالف قوى الدولة الوطنية,غير محدد,,member,active,48,201,,,,,,,
202,علي حاتم حسن شمخي الحسناوي,النجف,ابشر يا عراق,غير محدد,,member,active,48,202,,,,,,,
203,علي خالص جواد معروف برزنجی,اربيل,پارتی ديموكراتی كوردستان,غير محدد,,member,active,48,203,,,,,,,
204,علي سلمان كدر سلمان المشري,القادسية,تحالف قوى الدولة الوطنية,غير محدد,,member,active,48,204,,,,,,,
205,علي شداد فارس شهيل الجوراني,البصرة,تحالف قوى الدولة الوطنية,غير محدد,,member,active,48,205,,,,,,,
206,علي شعلان مطشر فيصل الدراجي,بغداد,ائتلاف دولة القانون,غير محدد,,member,active,48,206,,,,,,,
207,علي صابر كاظم عجيل الكناني,ذي قار,ابشر يا عراق,غير محدد,,member,active,48,207,,,,,,,
208,علي غركان عامر حسين الدلفي,واسط,تحالف قوى الدولة الوطنية,غير محدد,,member,active,48,208,,,,,,,
209,علي فيصل فهد فياض الفياض,بغداد,ائتلاف الاعمار والتنمية,غير محدد,,member,active,48,209,,,,,,,
210,عماد قاسم عزيز عبد علي,ذي قار,كتلة دعم الدولة,غير محدد,,member,active,48,210,,,,,,,
211,عماد يوخنا ياقو يوخنا العمادي,كركوك,مستقل,غير محدد,,member,active,48,211,,,,,,,
212,عمار اثير محمدوحيد راجح المرزوقي,بابل,ائتلاف دولة القانون,غير محدد,,member,active,48,212,,,,,,,
213,عمار موسى كاظم حسين الاسدي,بغداد,تحالف قوى الدولة الوطنية,غير محدد,,member,active,48,213,,,,,,,
214,عمار يوسف حمود لطوف السامرائي,صلاح الدين,ائتلاف الاعمار والتنمية,غير محدد,,member,active,48,214,,,,,,,
215,عمر صالح عمر فارس فارس,دهوك,الاتحاد الاسلامي الكوردستاني,غير محدد,,member,active,48,215,,,,,,,
216,عمر عادل محي علوان الخزرجي,صلاح الدين,حزب تقدم,غير محدد,,member,active,48,216,,,,,,,
217,عمر محمد محمدكريم علي,السليمانية,الاتحاد الاسلامي الكوردستاني,غير محدد,,member,active,48,217,,,,,,,
218,عمر نامق حسن علي المولى,نينوى,الهوية الوطنية,غير محدد,,member,active,48,218,,,,,,,
219,غالب محمدعلي شكر حسين السورميري,السليمانية,تيار الموقف الوطني / ره و تى هه ڵوێستی نيشتمانی / هه ڵوێستی,غير محدد,,member,active,48,219,,,,,,,
220,غفران اقبال يوسف هندي الاعرابي,كربلاء,ائتلاف الاعمار والتنمية,غير محدد,,member,active,48,220,,,,,,,
221,غيث رعد محمد عباس شبع,النجف,ائتلاف الأساس العراقي,غير محدد,,member,active,48,221,,,,,,,
222,فاروق عدنان يوسف يعقوب الهاشم,ذي قار,اشراقة كانون,غير محدد,,member,active,48,222,,,,,,,
223,فاروق محمدسعيد درويش قادر حاکم فاروق,السليمانية,پارتی ديموكراتی كوردستان,غير محدد,,member,active,48,223,,,,,,,
224,فاطمه حمد خلف جواد القيسي,صلاح الدين,الجماهير الوطنية,غير محدد,,member,active,48,224,,,,,,,
225,فالح حسن جاسم مطلك الحريشاوي,البصرة,ائتلاف دولة القانون,غير محدد,,member,active,48,225,,,,,,,
226,فالح ساري عبداشي عكاب الجياشي,المثنى,تحالف قوى الدولة الوطنية,غير محدد,,member,active,48,226,,,,,,,
227,فرهاد امين سليم عمر أتروشي,دهوك,پارتی ديموكراتی كوردستان,غير محدد,,deputy_speaker,active,48,227,,,,,,,فرهاد أتروشي
228,فلاح سعيد جرمط كاظم الدليمي,بغداد,الحسم الوطني,غير محدد,,member,active,48,228,,,,,,,
229,فلاح عبدالكريم راضي منوخ الخفاجي,بابل,ائتلاف دولة القانون,غير محدد,,member,active,48,229,,,,,,,
230,فوزة محمد علوان محمد الحسين,نينوى,تحالف عزم العراق /عزم,غير محدد,,member,active,48,230,,,,,,,
231,فيصل حسين جبار عباس,الأنبار,تحالف التفوق,غير محدد,,member,active,48,231,,,,,,,
232,قتيبة راكان سعيد علي الجبوري,كركوك,التحالف العربي في كركوك,غير محدد,,member,active,48,232,,,,,,,
233,قسطل ابوطالب ظاهر حاتم ال عجيل,ذي قار,تحالف قوى الدولة الوطنية,غير محدد,,member,active,48,233,,,,,,,
234,قصي عباس محمد حسين ال حسين,نينوى,منظمة بدر,غير محدد,,member,active,48,234,,,,,,,
235,قيصر صبخي عفات علي الجوراني,البصرة,حركة الصادقون,غير محدد,,member,active,48,235,,,,,,,
236,كاظم عطيه كاظم كعيد المنصوري,بغداد,تحالف خدمات,غير محدد,,member,active,48,236,,,,,,,
237,كاوه عبدالقادر حسن علی,اربيل,نەوەى نوێ-الجيل الجديد,غير محدد,,member,active,48,237,,,,,,,
238,كريم عليوي جاهوش صويلخ الصكر,ميسان,منظمة بدر,غير محدد,,member,active,48,238,,,,,,,
239,كلدو رمزي هرمز شابو اوغنا,اربيل,مستقل,غير محدد,,member,active,48,239,,,,,,,
240,كه وى ميرو خالد موسى,دهوك,پارتی ديموكراتی كوردستان,غير محدد,,member,active,48,240,,,,,,,
241,كولسل محمد عبدالرحمن محمد مخلص,كركوك,جبهة تركمان العراق الموحد,غير محدد,,member,active,48,241,,,,,,,
242,مازن غريب عبدالرحمن كريم,كركوك,یەکێتی نیشتمانیی کوردستان,غير محدد,,member,active,48,242,,,,,,,
243,مثنى امين نادر حسين,السليمانية,الاتحاد الاسلامي الكوردستاني,غير محدد,,member,active,48,243,,,,,,,
244,مثنى ثائر يوسف جاسم,بغداد,تحالف عزم العراق /عزم,غير محدد,,member,active,48,244,,,,,,,
245,مثنى عبدالصمد محمد حسين السامرائي,صلاح الدين,تحالف عزم العراق /عزم,غير محدد,,member,active,48,245,,,,,,,
246,مثنى علي مهدي احمد التميمي,ديالى,منظمة بدر,غير محدد,,member,active,48,246,,,,,,,
247,محاسن خيري عليوي هادي الدليمي,واسط,حركة الصادقون,غير محدد,,member,active,48,247,,,,,,,
248,محسن علي اكبر نامدار نضر المندلاوي,بغداد,ائتلاف الأساس العراقي,غير محدد,,member,active,48,248,,,,,,,
249,محمد جاسم محمدعلي محمد ال علي,كربلاء,اشراقة كانون,غير محدد,,member,active,48,249,,,,,,,
250,محمد جبار حسين حسن الشمري,بغداد,ائتلاف الاعمار والتنمية,غير محدد,,member,active,48,250,,,,,,,
251,محمد جبار مناتي مشيعل ال سلطان,ذي قار,حركة حقوق,غير محدد,,member,active,48,251,,,,,,,
252,محمد جميل عوده راهي الغريباوي,واسط,واسط الاجمل بالخدمات,غير محدد,,member,active,48,252,,,,,,,
253,محمد حسين محمد بريج الموسوي,البصرة,حركة الصادقون,غير محدد,,member,active,48,253,,,,,,,
254,محمد ريكان حديد علي الحلبوسي,بغداد,حزب تقدم,غير محدد,,member,active,48,254,,,,,,,محمد الحلبوسي
255,محمد عربود هداد مجرم المجرم,المثنى,ائتلاف دولة القانون,غير محدد,,member,active,48,255,,,,,,,
256,محمد علي حسن سجر الفرطوسي,ميسان,منظمة بدر,غير محدد,,member,active,48,256,,,,,,,
257,محمد علي حسين حبيب عبد,كركوك,تحالف عزم العراق /عزم,غير محدد,,member,active,48,257,,,,,,,
258,محمد علي محمد تميم الجبوري,كركوك,حزب تقدم,غير محدد,,member,active,48,258,,,,,,,
259,محمد فاضل جاسم محمد,بغداد,تحالف سيادة الوطني – تشريع,غير محدد,,member,active,48,259,,,,,,,
260,محمد فرمان شاهر سلمان الجبوري,نينوى,حزب تقدم,غير محدد,,member,active,48,260,,,,,,,
261,محمد قتيبة صالح خليل البياتي,ديالى,حزب تقدم,غير محدد,,member,active,48,261,,,,,,,
262,محمد كريم عبدالحسين هادي العبادي,صلاح الدين,تحالف شراكتنا في صلاح الدين,غير محدد,,member,active,48,262,,,,,,,
263,محمد كعود حسن محيمد الكروشي,بغداد,حزب تقدم,غير محدد,,member,active,48,263,,,,,,,
264,محمد مهاوي بدن منادي الشويلي,بغداد,منظمة بدر,غير محدد,,member,active,48,264,,,,,,,
265,محمد ناصر دلي احمد الكربولي,بغداد,تحالف عزم العراق /عزم,غير محدد,,member,active,48,265,,,,,,,
266,محمد نوري احمد دللي الكربولي,الأنبار,حزب تقدم,غير محدد,,member,active,48,266,,,,,,,
267,محمد هادي كاظم عبود الشمري,بابل,تحالف خدمات,غير محدد,,member,active,48,267,,,,,,,
268,محمود حسين مطلك شلش,بغداد,تحالف عزم العراق /عزم,غير محدد,,member,active,48,268,,,,,,,
269,محمود خلف علي حسن العبيدي,بغداد,تحالف سيادة الوطني – تشريع,غير محدد,,member,active,48,269,,,,,,,
270,محمود فالح حميد السيد الشمري,واسط,واسط الاجمل بالخدمات,غير محدد,,member,active,48,270,,,,,,,
271,مختار محمود يوسف سلمان بابا,نينوى,منظمة بدر,غير محدد,,member,active,48,271,,,,,,,
272,مراد اسماعيل حسن سيدو,نينوى,تحالف القضية الايزيدية,غير محدد,,member,active,48,272,,,,,,,
273,مرتضى افوين ابراهيم حسن الاعاجيبي,المثنى,ائتلاف الأساس العراقي,غير محدد,,member,active,48,273,,,,,,,
274,مرتضى عبود خزعل ظاهر الابراهيمي,ذي قار,تحالف قوى الدولة الوطنية,غير محدد,,member,active,48,274,,,,,,,
275,مرتضى علي حمود عليوي الساعدي,ميسان,ائتلاف الاعمار والتنمية,غير محدد,,member,active,48,275,,,,,,,
276,مزده محمود محمد عبداللە,السليمانية,نەوەى نوێ-الجيل الجديد,غير محدد,,member,active,48,276,,,,,,,
277,مصطفى جبار سند زبين المرياني,البصرة,ابشر يا عراق,غير محدد,,member,active,48,277,,,,,,,
278,مصطفى عبدالهادي كامل محمد مجمعي,بغداد,ائتلاف الأساس العراقي,غير محدد,,member,active,48,278,,,,,,,
279,مصطفى عياش مطلك محمد الكبيسي,الأنبار,تحالف قمم,غير محدد,,member,active,48,279,,,,,,,
280,مضر معن صالح خلف الكروي,ديالى,تحالف سيادة الوطني – تشريع,غير محدد,,member,active,48,280,,,,,,,
281,مقداد اسماعيل عبدالله محمد الغريب,بغداد,حركة حقوق,غير محدد,,member,active,48,281,,,,,,,
282,منذر محمد عباس جاسم الشمري,ديالى,تحالف ديالى اولاً,غير محدد,,member,active,48,282,,,,,,,
283,منصور حسين مدور عباس البعيجي,بابل,ائتلاف الاعمار والتنمية,غير محدد,,member,active,48,283,,,,,,,
284,منى حسين سلطان يوسف العاكوب,نينوى,نينوى لاهلها,غير محدد,,member,active,48,284,,,,,,,
285,منى سوادي عبدالله مجيري الكرعاني,البصرة,حركة حقوق,غير محدد,,member,active,48,285,,,,,,,
286,منى قاسم باقر جابر الغرابي,ذي قار,ائتلاف دولة القانون,غير محدد,,member,active,48,286,,,,,,,
287,مها فاضل كاظم خضير الجنابي,بابل,حركة الصادقون,غير محدد,,member,active,48,287,,,,,,,
288,مها محمود جسام عبدالله العلواني,بغداد,حزب تقدم,غير محدد,,member,active,48,288,,,,,,,
289,مهدي تقي اسماعيل جبار البياتي,صلاح الدين,تحالف صلاح الدين الموحد,غير محدد,,member,active,48,289,,,,,,,
290,مهيمن علي حسين ابراهيم الحمداني,كركوك,حزب تقدم,غير محدد,,member,active,48,290,,,,,,,
291,ميادة عودة نعمة هليل الحميداوي,بغداد,ائتلاف الاعمار والتنمية,غير محدد,,member,active,48,291,,,,,,,
292,ميزر صوفي نهير محمد الشمري,نينوى,الجماهير الوطنية,غير محدد,,member,active,48,292,,,,,,,
293,نازك احمد محمد فرج,ديالى,تحالف عزم العراق /عزم,غير محدد,,member,active,48,293,,,,,,,
294,ناصر تركي ياسر لفته ال عواد,ذي قار,ائتلاف الاعمار والتنمية,غير محدد,,member,active,48,294,,,,,,,
295,ناظم محمد دويج جابر الاسدي,بابل,حركة سومريون,غير محدد,,member,active,48,295,,,,,,,
296,ناهده زيد منهل مانع الدايني,ديالى,تحالف سيادة الوطني – تشريع,غير محدد,,member,active,48,296,,,,,,,
297,نايف مكيف شنان ادباس الشمري,نينوى,الحسم الوطني,غير محدد,,member,active,48,297,,,,,,,
298,نعيم عبد ياسر صينخ العبودي,بغداد,حركة الصادقون,غير محدد,,member,active,48,298,,,,,,,
299,نهال مرشد سليم عبدالله ال جعفر,بغداد,تحالف عزم العراق /عزم,غير محدد,,member,active,48,299,,,,,,,
300,نهله جبار خليفه محسن,الأنبار,تحالف عزم العراق /عزم,غير محدد,,member,active,48,300,,,,,,,
301,نور خالد شاكر يوسف هسنياني,نينوى,پارتی ديموكراتی كوردستان,غير محدد,,member,active,48,301,,,,,,,
302,نور عادل حسين عبدالكريم العتابي,بغداد,منظمة بدر,غير محدد,,member,active,48,302,,,,,,,
303,نورا حكمت عبدالعزيز نصر الجحيش,بغداد,تحالف سيادة الوطني – تشريع,غير محدد,,member,active,48,303,,,,,,,
304,هاتف فاهم كسار مكل الظالمي,المثنى,ائتلاف الاعمار والتنمية,غير محدد,,member,active,48,304,,,,,,,
305,هديه جاسم عليوي لفته الجميعان,ذي قار,حركة سومريون,غير محدد,,member,active,48,305,,,,,,,
306,هلات سلمان سليمان يوسف برواري,دهوك,پارتی ديموكراتی كوردستان,غير محدد,,member,active,48,306,,,,,,,
307,همام علي مهدي احمد التميمي,ديالى,منظمة بدر,غير محدد,,member,active,48,307,,,,,,,
308,هند محمد صالح حسن,صلاح الدين,تحالف عزم العراق /عزم,غير محدد,,member,active,48,308,,,,,,,
309,هه رێم كمال خورشيد عوثمان,اربيل,یەکێتی نیشتمانیی کوردستان,غير محدد,,member,active,48,309,,,,,,,
310,هه لو قادر احمد حسن الجباري,كركوك,یەکێتی نیشتمانیی کوردستان,غير محدد,,member,active,48,310,,,,,,,
311,هيام عبود كاظم فتلاوي الياسري,بغداد,ائتلاف الاعمار والتنمية,غير محدد,,member,active,48,311,,,,,,,
312,هيبت حمد عباس عبدالجبار الحلبوسي,الأنبار,حزب تقدم,غير محدد,,speaker,active,48,312,,,,,,,هيبت الحلبوسي
313,هيوا ادم فقى عولا خضر,اربيل,تيار الموقف الوطني / ره و تى هه ڵوێستی نيشتمانی / هه ڵوێستی,غير محدد,,member,active,48,313,,,,,,,
314,وحدة محمود فهد عبد,بغداد,حزب تقدم,غير محدد,,member,active,48,314,,,,,,,
315,وعد محمود احمد قدو القدو,نينوى,مستقل,غير محدد,,member,active,48,315,,,,,,,
316,وفاء حسين سلمان فارس اللامي,واسط,واسط الاجمل بالخدمات,غير محدد,,member,active,48,316,,,,,,,
317,وفاء ضياء لازم عليوي الطائي,ذي قار,حركة الصادقون,غير محدد,,member,active,48,317,,,,,,,
318,ولاء كاظم عبدالرضا سالم الجيزاني,بغداد,منظمة بدر,غير محدد,,member,active,48,318,,,,,,,
319,وليد خالد حسن صالح الدراجي,صلاح الدين,الحسم الوطني,غير محدد,,member,active,48,319,,,,,,,
320,وليد سعيد جاسم حميد المشهداني,بغداد,حزب تقدم,غير محدد,,member,active,48,320,,,,,,,
321,ياسر اسكندر جواد حسن وتوت,بابل,ائتلاف الاعمار والتنمية,غير محدد,,member,active,48,321,,,,,,,
322,ياسر صلاح عباس عزيز الساعدي,بغداد,حركة الصادقون,غير محدد,,member,active,48,322,,,,,,,
323,ياسر عبد صخيل محمدحسين المالكي,كربلاء,ائتلاف دولة القانون,غير محدد,,member,active,48,323,,,,,,,
324,ياسمين اياد عبدالكريم حيدر نورالله,بغداد,ائتلاف الأساس العراقي,غير محدد,,member,active,48,324,,,,,,,
325,ئاسوس علي احمد عبداللە,السليمانية,یەکێتی نیشتمانیی کوردستان,غير محدد,,member,active,48,325,,,,,,,
326,ياسين حسن طاهر حسن,البصرة,تحالف تصميم,غير محدد,,member,active,48,326,,,,,,,
327,ئافيستا مام يحيى عثمان عمر جاف,اربيل,پارتی ديموكراتی كوردستان,غير محدد,,member,active,48,327,,,,,,,
328,ئاوات محمد غفور معروف,السليمانية,یەکێتی نیشتمانیی کوردستان,غير محدد,,member,active,48,328,,,,,,,
329,يوسف بعير علوان عبدعلي الكلابي,واسط,ائتلاف دولة القانون,غير محدد,,member,active,48,329,,,,,,,
